{"cameraMode":{"drawMode":0,"name":"Shaded","section":"Shading Mode"},"sceneLighting":false,"audioPlay":false,"sceneViewState":{"m_AlwaysRefresh":false,"showFog":true,"showSkybox":false,"showFlares":true,"showImageEffects":true,"showParticleSystems":true,"showVisualEffectGraphs":true,"m_FxEnabled":false},"in2DMode":false,"pivot":{"x":-4.057437419891357,"y":3.5509932041168215,"z":18.50084114074707},"rotation":{"x":-0.11105456203222275,"y":0.021462101489305497,"z":-0.0023970245383679868,"w":-0.9935900568962097},"size":8.66025447845459,"orthographic":false}