{"cameraMode":{"drawMode":0,"name":"Shaded","section":"Shading Mode"},"sceneLighting":false,"audioPlay":false,"sceneViewState":{"m_AlwaysRefresh":false,"showFog":true,"showSkybox":false,"showFlares":true,"showImageEffects":true,"showParticleSystems":true,"showVisualEffectGraphs":true,"m_FxEnabled":false},"in2DMode":false,"pivot":{"x":-10.552717208862305,"y":1.5761851072311402,"z":16.854555130004884},"rotation":{"x":-0.11925657838582993,"y":0.6349264979362488,"z":-0.10006135702133179,"w":-0.7567293643951416},"size":2.9104766845703127,"orthographic":false}