{"cameraMode":{"drawMode":0,"name":"Shaded","section":"Shading Mode"},"sceneLighting":false,"audioPlay":false,"sceneViewState":{"m_AlwaysRefresh":false,"showFog":true,"showSkybox":false,"showFlares":true,"showImageEffects":true,"showParticleSystems":true,"showVisualEffectGraphs":true,"m_FxEnabled":false},"in2DMode":false,"pivot":{"x":3.968391180038452,"y":-0.35360103845596316,"z":16.913631439208986},"rotation":{"x":-0.02866431325674057,"y":0.6131857633590698,"z":-0.02227424643933773,"w":-0.7891075015068054},"size":1.8101032972335816,"orthographic":false}